task,acc_LRM,corretos_LRM,validos_LRM,gain_LRM,p_gain_LRM
original,57.00575815738963,297,521,,
nl,63.91554702495201,333,521,12.121212121212128,0.003096020549959022
shuffled,59.309021113243766,309,521,4.040404040404059,0.27133212189276223
junto,58.157389635316704,303,521,2.020202020202042,0.6170750774519739
irrelevant,57.965451055662186,302,521,1.6835016835016914,0.6906192201976447
missing,55.83756345177665,110,197,-2.049257379206601,4.482617364132076e-15
complex,56.813819577735124,296,521,-0.33670033670032584,1.0
contradiction,46.83301343570058,244,521,-17.84511784511783,0.0001552963933404162
negation,17.65834932821497,92,521,-69.02356902356901,2.149502461927697e-30
